	RT	answer	block	confidence	correct	disc_stim	miniblock	signal_present	signal_volume
0	13.241821050643921	1	0.0	1	1	2	1	1	0.3
1	17.18561601638794	0	0.0	1	0	2	1	1	0.2833333333333333
2	-1.0	-1	0.0	-1	-1	2	1	1	0.3333333333333333
